Tarih,Urun_ID,Urun_Adi,Maliyet,Mevcut_Fiyat,Gunluk_Satis,Kalan_Stok,Stok_Yenileme_Tetiklendi
2025-06-29,URUN_001,Deri Ceket,1000,1800,4,46,0
2025-06-29,URUN_002,Bez Çanta,150,350,9,141,0
2025-06-29,URUN_003,Beyaz Tişört,200,450,15,105,0
2025-06-30,URUN_001,Deri Ceket,1000,1800,0,46,0
2025-06-30,URUN_002,Bez Çanta,150,350,8,133,0
2025-06-30,URUN_003,Beyaz Tişört,200,450,11,94,0
2025-07-01,URUN_001,Deri Ceket,1000,1800,2,44,0
2025-07-01,URUN_002,Bez Çanta,150,350,6,127,0
2025-07-01,URUN_003,Beyaz Tişört,200,450,9,85,0
2025-07-02,URUN_001,Deri Ceket,1000,1800,1,43,0
2025-07-02,URUN_002,Bez Çanta,150,350,7,120,0
2025-07-02,URUN_003,Beyaz Tişört,200,450,9,76,0
2025-07-03,URUN_001,Deri Ceket,1000,1800,2,41,0
2025-07-03,URUN_002,Bez Çanta,150,350,7,113,0
2025-07-03,URUN_003,Beyaz Tişört,200,450,10,66,0
2025-07-04,URUN_001,Deri Ceket,1000,1800,0,41,0
2025-07-04,URUN_002,Bez Çanta,150,350,7,106,0
2025-07-04,URUN_003,Beyaz Tişört,200,450,11,55,0
2025-07-05,URUN_001,Deri Ceket,1000,1800,4,37,0
2025-07-05,URUN_002,Bez Çanta,150,350,8,98,0
2025-07-05,URUN_003,Beyaz Tişört,200,450,16,39,0
2025-07-06,URUN_001,Deri Ceket,1000,1800,4,33,0
2025-07-06,URUN_002,Bez Çanta,150,350,9,89,0
2025-07-06,URUN_003,Beyaz Tişört,200,450,18,21,0
2025-07-07,URUN_001,Deri Ceket,1000,1800,2,31,0
2025-07-07,URUN_002,Bez Çanta,150,350,4,85,0
2025-07-07,URUN_003,Beyaz Tişört,200,450,12,109,1
2025-07-08,URUN_001,Deri Ceket,1000,1800,1,30,0
2025-07-08,URUN_002,Bez Çanta,150,350,7,78,0
2025-07-08,URUN_003,Beyaz Tişört,200,450,7,102,0
2025-07-09,URUN_001,Deri Ceket,1000,1800,1,29,0
2025-07-09,URUN_002,Bez Çanta,150,350,8,70,0
2025-07-09,URUN_003,Beyaz Tişört,200,450,5,97,0
2025-07-10,URUN_001,Deri Ceket,1000,1800,1,28,0
2025-07-10,URUN_002,Bez Çanta,150,350,5,65,0
2025-07-10,URUN_003,Beyaz Tişört,200,450,10,87,0
2025-07-11,URUN_001,Deri Ceket,1000,1800,0,28,0
2025-07-11,URUN_002,Bez Çanta,150,350,6,59,0
2025-07-11,URUN_003,Beyaz Tişört,200,450,5,82,0
2025-07-12,URUN_001,Deri Ceket,1000,1800,2,26,0
2025-07-12,URUN_002,Bez Çanta,150,350,12,47,0
2025-07-12,URUN_003,Beyaz Tişört,200,450,15,67,0
2025-07-13,URUN_001,Deri Ceket,1000,1800,5,21,0
2025-07-13,URUN_002,Bez Çanta,150,350,14,33,0
2025-07-13,URUN_003,Beyaz Tişört,200,450,12,55,0
2025-07-14,URUN_001,Deri Ceket,1000,1800,1,20,0
2025-07-14,URUN_002,Bez Çanta,150,350,5,28,0
2025-07-14,URUN_003,Beyaz Tişört,200,450,9,46,0
2025-07-15,URUN_001,Deri Ceket,1000,1800,2,18,0
2025-07-15,URUN_002,Bez Çanta,150,350,8,20,0
2025-07-15,URUN_003,Beyaz Tişört,200,450,9,37,0
2025-07-16,URUN_001,Deri Ceket,1000,1800,2,16,0
2025-07-16,URUN_002,Bez Çanta,150,350,7,13,0
2025-07-16,URUN_003,Beyaz Tişört,200,450,8,29,0
2025-07-17,URUN_001,Deri Ceket,1000,1800,1,15,0
2025-07-17,URUN_002,Bez Çanta,150,350,8,105,1
2025-07-17,URUN_003,Beyaz Tişört,200,450,5,24,0
2025-07-18,URUN_001,Deri Ceket,1000,1800,0,15,0
2025-07-18,URUN_002,Bez Çanta,150,350,6,99,0
2025-07-18,URUN_003,Beyaz Tişört,200,450,11,13,0
2025-07-19,URUN_001,Deri Ceket,1000,1800,2,13,0
2025-07-19,URUN_002,Bez Çanta,150,350,10,89,0
2025-07-19,URUN_003,Beyaz Tişört,200,450,13,100,1
2025-07-20,URUN_001,Deri Ceket,1000,1800,4,109,1
2025-07-20,URUN_002,Bez Çanta,150,350,8,81,0
2025-07-20,URUN_003,Beyaz Tişört,200,450,20,80,0
2025-07-21,URUN_001,Deri Ceket,1000,1800,1,108,0
2025-07-21,URUN_002,Bez Çanta,150,350,4,77,0
2025-07-21,URUN_003,Beyaz Tişört,200,450,10,70,0
2025-07-22,URUN_001,Deri Ceket,1000,1800,1,107,0
2025-07-22,URUN_002,Bez Çanta,150,350,6,71,0
2025-07-22,URUN_003,Beyaz Tişört,200,450,6,64,0
2025-07-23,URUN_001,Deri Ceket,1000,1800,2,105,0
2025-07-23,URUN_002,Bez Çanta,150,350,8,63,0
2025-07-23,URUN_003,Beyaz Tişört,200,450,9,55,0
2025-07-24,URUN_001,Deri Ceket,1000,1800,2,103,0
2025-07-24,URUN_002,Bez Çanta,150,350,5,58,0
2025-07-24,URUN_003,Beyaz Tişört,200,450,11,44,0
2025-07-25,URUN_001,Deri Ceket,1000,1800,1,102,0
2025-07-25,URUN_002,Bez Çanta,150,350,3,55,0
2025-07-25,URUN_003,Beyaz Tişört,200,450,9,35,0
2025-07-26,URUN_001,Deri Ceket,1000,1800,4,98,0
2025-07-26,URUN_002,Bez Çanta,150,350,11,44,0
2025-07-26,URUN_003,Beyaz Tişört,200,450,18,17,0
2025-07-27,URUN_001,Deri Ceket,1000,1800,2,96,0
2025-07-27,URUN_002,Bez Çanta,150,350,11,33,0
2025-07-27,URUN_003,Beyaz Tişört,200,450,16,101,1
2025-07-28,URUN_001,Deri Ceket,1000,1800,1,95,0
2025-07-28,URUN_002,Bez Çanta,150,350,3,30,0
2025-07-28,URUN_003,Beyaz Tişört,200,450,7,94,0
2025-07-29,URUN_001,Deri Ceket,1000,1800,0,95,0
2025-07-29,URUN_002,Bez Çanta,150,350,7,23,0
2025-07-29,URUN_003,Beyaz Tişört,200,450,6,88,0
2025-07-30,URUN_001,Deri Ceket,1000,1800,2,93,0
2025-07-30,URUN_002,Bez Çanta,150,350,3,20,0
2025-07-30,URUN_003,Beyaz Tişört,200,450,9,79,0
2025-07-31,URUN_001,Deri Ceket,1000,1800,2,91,0
2025-07-31,URUN_002,Bez Çanta,150,350,8,12,0
2025-07-31,URUN_003,Beyaz Tişört,200,450,10,69,0
2025-08-01,URUN_001,Deri Ceket,1000,1800,1,90,0
2025-08-01,URUN_002,Bez Çanta,150,350,4,108,1
2025-08-01,URUN_003,Beyaz Tişört,200,450,6,63,0
2025-08-02,URUN_001,Deri Ceket,1000,1800,4,86,0
2025-08-02,URUN_002,Bez Çanta,150,350,12,96,0
2025-08-02,URUN_003,Beyaz Tişört,200,450,12,51,0
2025-08-03,URUN_001,Deri Ceket,1000,1800,2,84,0
2025-08-03,URUN_002,Bez Çanta,150,350,13,83,0
2025-08-03,URUN_003,Beyaz Tişört,200,450,13,38,0
2025-08-04,URUN_001,Deri Ceket,1000,1800,1,83,0
2025-08-04,URUN_002,Bez Çanta,150,350,7,76,0
2025-08-04,URUN_003,Beyaz Tişört,200,450,6,32,0
2025-08-05,URUN_001,Deri Ceket,1000,1800,0,83,0
2025-08-05,URUN_002,Bez Çanta,150,350,8,68,0
2025-08-05,URUN_003,Beyaz Tişört,200,450,6,26,0
2025-08-06,URUN_001,Deri Ceket,1000,1800,2,81,0
2025-08-06,URUN_002,Bez Çanta,150,350,7,61,0
2025-08-06,URUN_003,Beyaz Tişört,200,450,8,18,0
2025-08-07,URUN_001,Deri Ceket,1000,1800,0,81,0
2025-08-07,URUN_002,Bez Çanta,150,350,8,53,0
2025-08-07,URUN_003,Beyaz Tişört,200,450,10,108,1
2025-08-08,URUN_001,Deri Ceket,1000,1800,1,80,0
2025-08-08,URUN_002,Bez Çanta,150,350,7,46,0
2025-08-08,URUN_003,Beyaz Tişört,200,450,6,102,0
2025-08-09,URUN_001,Deri Ceket,1000,1800,4,76,0
2025-08-09,URUN_002,Bez Çanta,150,350,9,37,0
2025-08-09,URUN_003,Beyaz Tişört,200,450,16,86,0
2025-08-10,URUN_001,Deri Ceket,1000,1800,3,73,0
2025-08-10,URUN_002,Bez Çanta,150,350,10,27,0
2025-08-10,URUN_003,Beyaz Tişört,200,450,18,68,0
2025-08-11,URUN_001,Deri Ceket,1000,1800,1,72,0
2025-08-11,URUN_002,Bez Çanta,150,350,8,19,0
2025-08-11,URUN_003,Beyaz Tişört,200,450,6,62,0
2025-08-12,URUN_001,Deri Ceket,1000,1800,2,70,0
2025-08-12,URUN_002,Bez Çanta,150,350,4,15,0
2025-08-12,URUN_003,Beyaz Tişört,200,450,8,54,0
2025-08-13,URUN_001,Deri Ceket,1000,1800,2,68,0
2025-08-13,URUN_002,Bez Çanta,150,350,7,108,1
2025-08-13,URUN_003,Beyaz Tişört,200,450,9,45,0
2025-08-14,URUN_001,Deri Ceket,1000,1800,2,66,0
2025-08-14,URUN_002,Bez Çanta,150,350,5,103,0
2025-08-14,URUN_003,Beyaz Tişört,200,450,7,38,0
2025-08-15,URUN_001,Deri Ceket,1000,1800,2,64,0
2025-08-15,URUN_002,Bez Çanta,150,350,4,99,0
2025-08-15,URUN_003,Beyaz Tişört,200,450,7,31,0
2025-08-16,URUN_001,Deri Ceket,1000,1800,2,62,0
2025-08-16,URUN_002,Bez Çanta,150,350,10,89,0
2025-08-16,URUN_003,Beyaz Tişört,200,450,12,19,0
2025-08-17,URUN_001,Deri Ceket,1000,1800,2,60,0
2025-08-17,URUN_002,Bez Çanta,150,350,11,78,0
2025-08-17,URUN_003,Beyaz Tişört,200,450,16,103,1
2025-08-18,URUN_001,Deri Ceket,1000,1800,2,58,0
2025-08-18,URUN_002,Bez Çanta,150,350,3,75,0
2025-08-18,URUN_003,Beyaz Tişört,200,450,11,92,0
2025-08-19,URUN_001,Deri Ceket,1000,1800,0,58,0
2025-08-19,URUN_002,Bez Çanta,150,350,5,70,0
2025-08-19,URUN_003,Beyaz Tişört,200,450,5,87,0
2025-08-20,URUN_001,Deri Ceket,1000,1800,2,56,0
2025-08-20,URUN_002,Bez Çanta,150,350,4,66,0
2025-08-20,URUN_003,Beyaz Tişört,200,450,11,76,0
2025-08-21,URUN_001,Deri Ceket,1000,1800,2,54,0
2025-08-21,URUN_002,Bez Çanta,150,350,7,59,0
2025-08-21,URUN_003,Beyaz Tişört,200,450,10,66,0
2025-08-22,URUN_001,Deri Ceket,1000,1800,0,54,0
2025-08-22,URUN_002,Bez Çanta,150,350,6,53,0
2025-08-22,URUN_003,Beyaz Tişört,200,450,5,61,0
2025-08-23,URUN_001,Deri Ceket,1000,1800,2,52,0
2025-08-23,URUN_002,Bez Çanta,150,350,9,44,0
2025-08-23,URUN_003,Beyaz Tişört,200,450,21,40,0
2025-08-24,URUN_001,Deri Ceket,1000,1800,3,49,0
2025-08-24,URUN_002,Bez Çanta,150,350,11,33,0
2025-08-24,URUN_003,Beyaz Tişört,200,450,16,24,0
2025-08-25,URUN_001,Deri Ceket,1000,1800,1,48,0
2025-08-25,URUN_002,Bez Çanta,150,350,7,26,0
2025-08-25,URUN_003,Beyaz Tişört,200,450,12,12,0
2025-08-26,URUN_001,Deri Ceket,1000,1800,1,47,0
2025-08-26,URUN_002,Bez Çanta,150,350,5,21,0
2025-08-26,URUN_003,Beyaz Tişört,200,450,7,105,1
2025-08-27,URUN_001,Deri Ceket,1000,1800,0,47,0
2025-08-27,URUN_002,Bez Çanta,150,350,5,16,0
2025-08-27,URUN_003,Beyaz Tişört,200,450,7,98,0
2025-08-28,URUN_001,Deri Ceket,1000,1800,0,47,0
2025-08-28,URUN_002,Bez Çanta,150,350,4,12,0
2025-08-28,URUN_003,Beyaz Tişört,200,450,9,89,0
2025-08-29,URUN_001,Deri Ceket,1000,1800,1,46,0
2025-08-29,URUN_002,Bez Çanta,150,350,3,109,1
2025-08-29,URUN_003,Beyaz Tişört,200,450,11,78,0
2025-08-30,URUN_001,Deri Ceket,1000,1800,3,43,0
2025-08-30,URUN_002,Bez Çanta,150,350,13,96,0
2025-08-30,URUN_003,Beyaz Tişört,200,450,18,60,0
2025-08-31,URUN_001,Deri Ceket,1000,1800,4,39,0
2025-08-31,URUN_002,Bez Çanta,150,350,13,83,0
2025-08-31,URUN_003,Beyaz Tişört,200,450,20,40,0
2025-09-01,URUN_001,Deri Ceket,1000,1800,1,38,0
2025-09-01,URUN_002,Bez Çanta,150,350,3,80,0
2025-09-01,URUN_003,Beyaz Tişört,200,450,12,28,0
2025-09-02,URUN_001,Deri Ceket,1000,1800,0,38,0
2025-09-02,URUN_002,Bez Çanta,150,350,7,73,0
2025-09-02,URUN_003,Beyaz Tişört,200,450,10,18,0
2025-09-03,URUN_001,Deri Ceket,1000,1800,0,38,0
2025-09-03,URUN_002,Bez Çanta,150,350,5,68,0
2025-09-03,URUN_003,Beyaz Tişört,200,450,11,107,1
2025-09-04,URUN_001,Deri Ceket,1000,1800,1,37,0
2025-09-04,URUN_002,Bez Çanta,150,350,5,63,0
2025-09-04,URUN_003,Beyaz Tişört,200,450,8,99,0
2025-09-05,URUN_001,Deri Ceket,1000,1800,0,37,0
2025-09-05,URUN_002,Bez Çanta,150,350,4,59,0
2025-09-05,URUN_003,Beyaz Tişört,200,450,12,87,0
2025-09-06,URUN_001,Deri Ceket,1000,1800,2,35,0
2025-09-06,URUN_002,Bez Çanta,150,350,11,48,0
2025-09-06,URUN_003,Beyaz Tişört,200,450,21,66,0
2025-09-07,URUN_001,Deri Ceket,1000,1800,2,33,0
2025-09-07,URUN_002,Bez Çanta,150,350,12,36,0
2025-09-07,URUN_003,Beyaz Tişört,200,450,20,46,0
2025-09-08,URUN_001,Deri Ceket,1000,1800,2,31,0
2025-09-08,URUN_002,Bez Çanta,150,350,3,33,0
2025-09-08,URUN_003,Beyaz Tişört,200,450,10,36,0
2025-09-09,URUN_001,Deri Ceket,1000,1800,1,30,0
2025-09-09,URUN_002,Bez Çanta,150,350,6,27,0
2025-09-09,URUN_003,Beyaz Tişört,200,450,6,30,0
2025-09-10,URUN_001,Deri Ceket,1000,1800,0,30,0
2025-09-10,URUN_002,Bez Çanta,150,350,6,21,0
2025-09-10,URUN_003,Beyaz Tişört,200,450,8,22,0
2025-09-11,URUN_001,Deri Ceket,1000,1800,1,29,0
2025-09-11,URUN_002,Bez Çanta,150,350,5,16,0
2025-09-11,URUN_003,Beyaz Tişört,200,450,9,13,0
2025-09-12,URUN_001,Deri Ceket,1000,1800,1,28,0
2025-09-12,URUN_002,Bez Çanta,150,350,4,12,0
2025-09-12,URUN_003,Beyaz Tişört,200,450,11,102,1
2025-09-13,URUN_001,Deri Ceket,1000,1800,4,24,0
2025-09-13,URUN_002,Bez Çanta,150,350,10,102,1
2025-09-13,URUN_003,Beyaz Tişört,200,450,20,82,0
2025-09-14,URUN_001,Deri Ceket,1000,1800,3,21,0
2025-09-14,URUN_002,Bez Çanta,150,350,14,88,0
2025-09-14,URUN_003,Beyaz Tişört,200,450,18,64,0
2025-09-15,URUN_001,Deri Ceket,1000,1800,2,19,0
2025-09-15,URUN_002,Bez Çanta,150,350,6,82,0
2025-09-15,URUN_003,Beyaz Tişört,200,450,8,56,0
2025-09-16,URUN_001,Deri Ceket,1000,1800,0,19,0
2025-09-16,URUN_002,Bez Çanta,150,350,6,76,0
2025-09-16,URUN_003,Beyaz Tişört,200,450,7,49,0
2025-09-17,URUN_001,Deri Ceket,1000,1800,0,19,0
2025-09-17,URUN_002,Bez Çanta,150,350,8,68,0
2025-09-17,URUN_003,Beyaz Tişört,200,450,8,41,0
2025-09-18,URUN_001,Deri Ceket,1000,1800,1,18,0
2025-09-18,URUN_002,Bez Çanta,150,350,7,61,0
2025-09-18,URUN_003,Beyaz Tişört,200,450,7,34,0
2025-09-19,URUN_001,Deri Ceket,1000,1800,0,18,0
2025-09-19,URUN_002,Bez Çanta,150,350,3,58,0
2025-09-19,URUN_003,Beyaz Tişört,200,450,10,24,0
2025-09-20,URUN_001,Deri Ceket,1000,1800,4,14,0
2025-09-20,URUN_002,Bez Çanta,150,350,11,47,0
2025-09-20,URUN_003,Beyaz Tişört,200,450,21,103,1
2025-09-21,URUN_001,Deri Ceket,1000,1800,3,11,0
2025-09-21,URUN_002,Bez Çanta,150,350,8,39,0
2025-09-21,URUN_003,Beyaz Tişört,200,450,17,86,0
2025-09-22,URUN_001,Deri Ceket,1000,1800,1,110,1
2025-09-22,URUN_002,Bez Çanta,150,350,6,33,0
2025-09-22,URUN_003,Beyaz Tişört,200,450,12,74,0
2025-09-23,URUN_001,Deri Ceket,1000,1800,0,110,0
2025-09-23,URUN_002,Bez Çanta,150,350,4,29,0
2025-09-23,URUN_003,Beyaz Tişört,200,450,5,69,0
2025-09-24,URUN_001,Deri Ceket,1000,1800,2,108,0
2025-09-24,URUN_002,Bez Çanta,150,350,6,23,0
2025-09-24,URUN_003,Beyaz Tişört,200,450,10,59,0
2025-09-25,URUN_001,Deri Ceket,1000,1800,1,107,0
2025-09-25,URUN_002,Bez Çanta,150,350,6,17,0
2025-09-25,URUN_003,Beyaz Tişört,200,450,6,53,0
2025-09-26,URUN_001,Deri Ceket,1000,1800,0,107,0
2025-09-26,URUN_002,Bez Çanta,150,350,7,110,1
2025-09-26,URUN_003,Beyaz Tişört,200,450,6,47,0
2025-09-27,URUN_001,Deri Ceket,1000,1800,3,104,0
2025-09-27,URUN_002,Bez Çanta,150,350,8,102,0
2025-09-27,URUN_003,Beyaz Tişört,200,450,16,31,0
2025-09-28,URUN_001,Deri Ceket,1000,1800,5,99,0
2025-09-28,URUN_002,Bez Çanta,150,350,14,88,0
2025-09-28,URUN_003,Beyaz Tişört,200,450,19,12,0
2025-09-29,URUN_001,Deri Ceket,1000,1800,1,98,0
2025-09-29,URUN_002,Bez Çanta,150,350,8,80,0
2025-09-29,URUN_003,Beyaz Tişört,200,450,10,102,1
2025-09-30,URUN_001,Deri Ceket,1000,1800,2,96,0
2025-09-30,URUN_002,Bez Çanta,150,350,8,72,0
2025-09-30,URUN_003,Beyaz Tişört,200,450,8,94,0
2025-10-01,URUN_001,Deri Ceket,1000,1800,2,94,0
2025-10-01,URUN_002,Bez Çanta,150,350,4,68,0
2025-10-01,URUN_003,Beyaz Tişört,200,450,11,83,0
2025-10-02,URUN_001,Deri Ceket,1000,1800,1,93,0
2025-10-02,URUN_002,Bez Çanta,150,350,3,65,0
2025-10-02,URUN_003,Beyaz Tişört,200,450,10,73,0
2025-10-03,URUN_001,Deri Ceket,1000,1800,0,93,0
2025-10-03,URUN_002,Bez Çanta,150,350,4,61,0
2025-10-03,URUN_003,Beyaz Tişört,200,450,8,65,0
2025-10-04,URUN_001,Deri Ceket,1000,1800,3,90,0
2025-10-04,URUN_002,Bez Çanta,150,350,13,48,0
2025-10-04,URUN_003,Beyaz Tişört,200,450,13,52,0
2025-10-05,URUN_001,Deri Ceket,1000,1800,4,86,0
2025-10-05,URUN_002,Bez Çanta,150,350,13,35,0
2025-10-05,URUN_003,Beyaz Tişört,200,450,13,39,0
2025-10-06,URUN_001,Deri Ceket,1000,1800,2,84,0
2025-10-06,URUN_002,Bez Çanta,150,350,8,27,0
2025-10-06,URUN_003,Beyaz Tişört,200,450,6,33,0
2025-10-07,URUN_001,Deri Ceket,1000,1800,2,82,0
2025-10-07,URUN_002,Bez Çanta,150,350,8,19,0
2025-10-07,URUN_003,Beyaz Tişört,200,450,6,27,0
2025-10-08,URUN_001,Deri Ceket,1000,1800,2,80,0
2025-10-08,URUN_002,Bez Çanta,150,350,4,15,0
2025-10-08,URUN_003,Beyaz Tişört,200,450,9,18,0
2025-10-09,URUN_001,Deri Ceket,1000,1800,1,79,0
2025-10-09,URUN_002,Bez Çanta,150,350,8,107,1
2025-10-09,URUN_003,Beyaz Tişört,200,450,6,12,0
2025-10-10,URUN_001,Deri Ceket,1000,1800,0,79,0
2025-10-10,URUN_002,Bez Çanta,150,350,6,101,0
2025-10-10,URUN_003,Beyaz Tişört,200,450,12,100,1
2025-10-11,URUN_001,Deri Ceket,1000,1800,3,76,0
2025-10-11,URUN_002,Bez Çanta,150,350,14,87,0
2025-10-11,URUN_003,Beyaz Tişört,200,450,12,88,0
2025-10-12,URUN_001,Deri Ceket,1000,1800,3,73,0
2025-10-12,URUN_002,Bez Çanta,150,350,12,75,0
2025-10-12,URUN_003,Beyaz Tişört,200,450,14,74,0
2025-10-13,URUN_001,Deri Ceket,1000,1800,0,73,0
2025-10-13,URUN_002,Bez Çanta,150,350,4,71,0
2025-10-13,URUN_003,Beyaz Tişört,200,450,12,62,0
2025-10-14,URUN_001,Deri Ceket,1000,1800,2,71,0
2025-10-14,URUN_002,Bez Çanta,150,350,7,64,0
2025-10-14,URUN_003,Beyaz Tişört,200,450,12,50,0
2025-10-15,URUN_001,Deri Ceket,1000,1800,0,71,0
2025-10-15,URUN_002,Bez Çanta,150,350,7,57,0
2025-10-15,URUN_003,Beyaz Tişört,200,450,5,45,0
2025-10-16,URUN_001,Deri Ceket,1000,1800,1,70,0
2025-10-16,URUN_002,Bez Çanta,150,350,6,51,0
2025-10-16,URUN_003,Beyaz Tişört,200,450,8,37,0
2025-10-17,URUN_001,Deri Ceket,1000,1800,2,68,0
2025-10-17,URUN_002,Bez Çanta,150,350,3,48,0
2025-10-17,URUN_003,Beyaz Tişört,200,450,9,28,0
2025-10-18,URUN_001,Deri Ceket,1000,1800,3,65,0
2025-10-18,URUN_002,Bez Çanta,150,350,12,36,0
2025-10-18,URUN_003,Beyaz Tişört,200,450,21,107,1
2025-10-19,URUN_001,Deri Ceket,1000,1800,2,63,0
2025-10-19,URUN_002,Bez Çanta,150,350,12,24,0
2025-10-19,URUN_003,Beyaz Tişört,200,450,14,93,0
2025-10-20,URUN_001,Deri Ceket,1000,1800,1,62,0
2025-10-20,URUN_002,Bez Çanta,150,350,8,16,0
2025-10-20,URUN_003,Beyaz Tişört,200,450,5,88,0
2025-10-21,URUN_001,Deri Ceket,1000,1800,0,62,0
2025-10-21,URUN_002,Bez Çanta,150,350,5,11,0
2025-10-21,URUN_003,Beyaz Tişört,200,450,10,78,0
2025-10-22,URUN_001,Deri Ceket,1000,1800,2,60,0
2025-10-22,URUN_002,Bez Çanta,150,350,5,106,1
2025-10-22,URUN_003,Beyaz Tişört,200,450,12,66,0
2025-10-23,URUN_001,Deri Ceket,1000,1800,1,59,0
2025-10-23,URUN_002,Bez Çanta,150,350,6,100,0
2025-10-23,URUN_003,Beyaz Tişört,200,450,6,60,0
2025-10-24,URUN_001,Deri Ceket,1000,1800,1,58,0
2025-10-24,URUN_002,Bez Çanta,150,350,7,93,0
2025-10-24,URUN_003,Beyaz Tişört,200,450,6,54,0
2025-10-25,URUN_001,Deri Ceket,1000,1800,3,55,0
2025-10-25,URUN_002,Bez Çanta,150,350,9,84,0
2025-10-25,URUN_003,Beyaz Tişört,200,450,19,35,0
2025-10-26,URUN_001,Deri Ceket,1000,1800,5,50,0
2025-10-26,URUN_002,Bez Çanta,150,350,11,73,0
2025-10-26,URUN_003,Beyaz Tişört,200,450,12,23,0
2025-10-27,URUN_001,Deri Ceket,1000,1800,2,48,0
2025-10-27,URUN_002,Bez Çanta,150,350,4,69,0
2025-10-27,URUN_003,Beyaz Tişört,200,450,10,13,0
2025-10-28,URUN_001,Deri Ceket,1000,1800,0,48,0
2025-10-28,URUN_002,Bez Çanta,150,350,3,66,0
2025-10-28,URUN_003,Beyaz Tişört,200,450,12,101,1
2025-10-29,URUN_001,Deri Ceket,1000,1800,1,47,0
2025-10-29,URUN_002,Bez Çanta,150,350,4,62,0
2025-10-29,URUN_003,Beyaz Tişört,200,450,10,91,0
2025-10-30,URUN_001,Deri Ceket,1000,1800,2,45,0
2025-10-30,URUN_002,Bez Çanta,150,350,5,57,0
2025-10-30,URUN_003,Beyaz Tişört,200,450,10,81,0
2025-10-31,URUN_001,Deri Ceket,1000,1800,0,45,0
2025-10-31,URUN_002,Bez Çanta,150,350,8,49,0
2025-10-31,URUN_003,Beyaz Tişört,200,450,5,76,0
2025-11-01,URUN_001,Deri Ceket,1000,1800,4,41,0
2025-11-01,URUN_002,Bez Çanta,150,350,10,39,0
2025-11-01,URUN_003,Beyaz Tişört,200,450,18,58,0
2025-11-02,URUN_001,Deri Ceket,1000,1800,5,36,0
2025-11-02,URUN_002,Bez Çanta,150,350,14,25,0
2025-11-02,URUN_003,Beyaz Tişört,200,450,21,37,0
2025-11-03,URUN_001,Deri Ceket,1000,1800,2,34,0
2025-11-03,URUN_002,Bez Çanta,150,350,4,21,0
2025-11-03,URUN_003,Beyaz Tişört,200,450,8,29,0
2025-11-04,URUN_001,Deri Ceket,1000,1800,2,32,0
2025-11-04,URUN_002,Bez Çanta,150,350,7,14,0
2025-11-04,URUN_003,Beyaz Tişört,200,450,11,18,0
2025-11-05,URUN_001,Deri Ceket,1000,1800,0,32,0
2025-11-05,URUN_002,Bez Çanta,150,350,7,107,1
2025-11-05,URUN_003,Beyaz Tişört,200,450,7,11,0
2025-11-06,URUN_001,Deri Ceket,1000,1800,1,31,0
2025-11-06,URUN_002,Bez Çanta,150,350,7,100,0
2025-11-06,URUN_003,Beyaz Tişört,200,450,6,105,1
2025-11-07,URUN_001,Deri Ceket,1000,1800,0,31,0
2025-11-07,URUN_002,Bez Çanta,150,350,5,95,0
2025-11-07,URUN_003,Beyaz Tişört,200,450,6,99,0
2025-11-08,URUN_001,Deri Ceket,1000,1800,4,27,0
2025-11-08,URUN_002,Bez Çanta,150,350,10,85,0
2025-11-08,URUN_003,Beyaz Tişört,200,450,12,87,0
2025-11-09,URUN_001,Deri Ceket,1000,1800,5,22,0
2025-11-09,URUN_002,Bez Çanta,150,350,13,72,0
2025-11-09,URUN_003,Beyaz Tişört,200,450,18,69,0
2025-11-10,URUN_001,Deri Ceket,1000,1800,2,20,0
2025-11-10,URUN_002,Bez Çanta,150,350,6,66,0
2025-11-10,URUN_003,Beyaz Tişört,200,450,11,58,0
2025-11-11,URUN_001,Deri Ceket,1000,1800,1,19,0
2025-11-11,URUN_002,Bez Çanta,150,350,8,58,0
2025-11-11,URUN_003,Beyaz Tişört,200,450,8,50,0
2025-11-12,URUN_001,Deri Ceket,1000,1800,1,18,0
2025-11-12,URUN_002,Bez Çanta,150,350,5,53,0
2025-11-12,URUN_003,Beyaz Tişört,200,450,9,41,0
2025-11-13,URUN_001,Deri Ceket,1000,1800,0,18,0
2025-11-13,URUN_002,Bez Çanta,150,350,5,48,0
2025-11-13,URUN_003,Beyaz Tişört,200,450,12,29,0
2025-11-14,URUN_001,Deri Ceket,1000,1800,1,17,0
2025-11-14,URUN_002,Bez Çanta,150,350,4,44,0
2025-11-14,URUN_003,Beyaz Tişört,200,450,11,18,0
2025-11-15,URUN_001,Deri Ceket,1000,1800,5,12,0
2025-11-15,URUN_002,Bez Çanta,150,350,13,31,0
2025-11-15,URUN_003,Beyaz Tişört,200,450,12,106,1
2025-11-16,URUN_001,Deri Ceket,1000,1800,2,110,1
2025-11-16,URUN_002,Bez Çanta,150,350,13,18,0
2025-11-16,URUN_003,Beyaz Tişört,200,450,12,94,0
2025-11-17,URUN_001,Deri Ceket,1000,1800,2,108,0
2025-11-17,URUN_002,Bez Çanta,150,350,4,14,0
2025-11-17,URUN_003,Beyaz Tişört,200,450,11,83,0
2025-11-18,URUN_001,Deri Ceket,1000,1800,0,108,0
2025-11-18,URUN_002,Bez Çanta,150,350,5,109,1
2025-11-18,URUN_003,Beyaz Tişört,200,450,8,75,0
2025-11-19,URUN_001,Deri Ceket,1000,1800,1,107,0
2025-11-19,URUN_002,Bez Çanta,150,350,5,104,0
2025-11-19,URUN_003,Beyaz Tişört,200,450,12,63,0
2025-11-20,URUN_001,Deri Ceket,1000,1800,2,105,0
2025-11-20,URUN_002,Bez Çanta,150,350,6,98,0
2025-11-20,URUN_003,Beyaz Tişört,200,450,5,58,0
2025-11-21,URUN_001,Deri Ceket,1000,1800,0,105,0
2025-11-21,URUN_002,Bez Çanta,150,350,5,93,0
2025-11-21,URUN_003,Beyaz Tişört,200,450,9,49,0
2025-11-22,URUN_001,Deri Ceket,1000,1800,2,103,0
2025-11-22,URUN_002,Bez Çanta,150,350,11,82,0
2025-11-22,URUN_003,Beyaz Tişört,200,450,13,36,0
2025-11-23,URUN_001,Deri Ceket,1000,1800,2,101,0
2025-11-23,URUN_002,Bez Çanta,150,350,12,70,0
2025-11-23,URUN_003,Beyaz Tişört,200,450,21,15,0
2025-11-24,URUN_001,Deri Ceket,1000,1800,1,100,0
2025-11-24,URUN_002,Bez Çanta,150,350,4,66,0
2025-11-24,URUN_003,Beyaz Tişört,200,450,11,104,1
2025-11-25,URUN_001,Deri Ceket,1000,1800,0,100,0
2025-11-25,URUN_002,Bez Çanta,150,350,8,58,0
2025-11-25,URUN_003,Beyaz Tişört,200,450,10,94,0
2025-11-26,URUN_001,Deri Ceket,1000,1800,0,100,0
2025-11-26,URUN_002,Bez Çanta,150,350,8,50,0
2025-11-26,URUN_003,Beyaz Tişört,200,450,12,82,0
2025-11-27,URUN_001,Deri Ceket,1000,1800,2,98,0
2025-11-27,URUN_002,Bez Çanta,150,350,4,46,0
2025-11-27,URUN_003,Beyaz Tişört,200,450,9,73,0
2025-11-28,URUN_001,Deri Ceket,1000,1800,2,96,0
2025-11-28,URUN_002,Bez Çanta,150,350,8,38,0
2025-11-28,URUN_003,Beyaz Tişört,200,450,8,65,0
2025-11-29,URUN_001,Deri Ceket,1000,1800,5,91,0
2025-11-29,URUN_002,Bez Çanta,150,350,13,25,0
2025-11-29,URUN_003,Beyaz Tişört,200,450,20,45,0
2025-11-30,URUN_001,Deri Ceket,1000,1800,2,89,0
2025-11-30,URUN_002,Bez Çanta,150,350,8,17,0
2025-11-30,URUN_003,Beyaz Tişört,200,450,12,33,0
2025-12-01,URUN_001,Deri Ceket,1000,1800,2,87,0
2025-12-01,URUN_002,Bez Çanta,150,350,6,11,0
2025-12-01,URUN_003,Beyaz Tişört,200,450,12,21,0
2025-12-02,URUN_001,Deri Ceket,1000,1800,0,87,0
2025-12-02,URUN_002,Bez Çanta,150,350,6,105,1
2025-12-02,URUN_003,Beyaz Tişört,200,450,5,16,0
2025-12-03,URUN_001,Deri Ceket,1000,1800,0,87,0
2025-12-03,URUN_002,Bez Çanta,150,350,6,99,0
2025-12-03,URUN_003,Beyaz Tişört,200,450,6,110,1
2025-12-04,URUN_001,Deri Ceket,1000,1800,2,85,0
2025-12-04,URUN_002,Bez Çanta,150,350,6,93,0
2025-12-04,URUN_003,Beyaz Tişört,200,450,5,105,0
2025-12-05,URUN_001,Deri Ceket,1000,1800,2,83,0
2025-12-05,URUN_002,Bez Çanta,150,350,5,88,0
2025-12-05,URUN_003,Beyaz Tişört,200,450,9,96,0
2025-12-06,URUN_001,Deri Ceket,1000,1800,4,79,0
2025-12-06,URUN_002,Bez Çanta,150,350,8,80,0
2025-12-06,URUN_003,Beyaz Tişört,200,450,16,80,0
2025-12-07,URUN_001,Deri Ceket,1000,1800,3,76,0
2025-12-07,URUN_002,Bez Çanta,150,350,9,71,0
2025-12-07,URUN_003,Beyaz Tişört,200,450,13,67,0
2025-12-08,URUN_001,Deri Ceket,1000,1800,1,75,0
2025-12-08,URUN_002,Bez Çanta,150,350,7,64,0
2025-12-08,URUN_003,Beyaz Tişört,200,450,11,56,0
2025-12-09,URUN_001,Deri Ceket,1000,1800,0,75,0
2025-12-09,URUN_002,Bez Çanta,150,350,5,59,0
2025-12-09,URUN_003,Beyaz Tişört,200,450,9,47,0
2025-12-10,URUN_001,Deri Ceket,1000,1800,0,75,0
2025-12-10,URUN_002,Bez Çanta,150,350,4,55,0
2025-12-10,URUN_003,Beyaz Tişört,200,450,8,39,0
2025-12-11,URUN_001,Deri Ceket,1000,1800,1,74,0
2025-12-11,URUN_002,Bez Çanta,150,350,5,50,0
2025-12-11,URUN_003,Beyaz Tişört,200,450,5,34,0
2025-12-12,URUN_001,Deri Ceket,1000,1800,2,72,0
2025-12-12,URUN_002,Bez Çanta,150,350,5,45,0
2025-12-12,URUN_003,Beyaz Tişört,200,450,6,28,0
2025-12-13,URUN_001,Deri Ceket,1000,1800,5,67,0
2025-12-13,URUN_002,Bez Çanta,150,350,10,35,0
2025-12-13,URUN_003,Beyaz Tişört,200,450,21,107,1
2025-12-14,URUN_001,Deri Ceket,1000,1800,4,63,0
2025-12-14,URUN_002,Bez Çanta,150,350,9,26,0
2025-12-14,URUN_003,Beyaz Tişört,200,450,16,91,0
2025-12-15,URUN_001,Deri Ceket,1000,1800,2,61,0
2025-12-15,URUN_002,Bez Çanta,150,350,3,23,0
2025-12-15,URUN_003,Beyaz Tişört,200,450,5,86,0
2025-12-16,URUN_001,Deri Ceket,1000,1800,0,61,0
2025-12-16,URUN_002,Bez Çanta,150,350,4,19,0
2025-12-16,URUN_003,Beyaz Tişört,200,450,9,77,0
2025-12-17,URUN_001,Deri Ceket,1000,1800,0,61,0
2025-12-17,URUN_002,Bez Çanta,150,350,4,15,0
2025-12-17,URUN_003,Beyaz Tişört,200,450,5,72,0
2025-12-18,URUN_001,Deri Ceket,1000,1800,1,60,0
2025-12-18,URUN_002,Bez Çanta,150,350,8,107,1
2025-12-18,URUN_003,Beyaz Tişört,200,450,8,64,0
2025-12-19,URUN_001,Deri Ceket,1000,1800,0,60,0
2025-12-19,URUN_002,Bez Çanta,150,350,8,99,0
2025-12-19,URUN_003,Beyaz Tişört,200,450,12,52,0
2025-12-20,URUN_001,Deri Ceket,1000,1800,3,57,0
2025-12-20,URUN_002,Bez Çanta,150,350,12,87,0
2025-12-20,URUN_003,Beyaz Tişört,200,450,13,39,0
2025-12-21,URUN_001,Deri Ceket,1000,1800,5,52,0
2025-12-21,URUN_002,Bez Çanta,150,350,12,75,0
2025-12-21,URUN_003,Beyaz Tişört,200,450,12,27,0
2025-12-22,URUN_001,Deri Ceket,1000,1800,2,50,0
2025-12-22,URUN_002,Bez Çanta,150,350,3,72,0
2025-12-22,URUN_003,Beyaz Tişört,200,450,11,16,0
2025-12-23,URUN_001,Deri Ceket,1000,1800,0,50,0
2025-12-23,URUN_002,Bez Çanta,150,350,4,68,0
2025-12-23,URUN_003,Beyaz Tişört,200,450,12,104,1
2025-12-24,URUN_001,Deri Ceket,1000,1800,0,50,0
2025-12-24,URUN_002,Bez Çanta,150,350,5,63,0
2025-12-24,URUN_003,Beyaz Tişört,200,450,8,96,0
2025-12-25,URUN_001,Deri Ceket,1000,1800,0,50,0
2025-12-25,URUN_002,Bez Çanta,150,350,3,60,0
2025-12-25,URUN_003,Beyaz Tişört,200,450,6,90,0
2025-12-26,URUN_001,Deri Ceket,1000,1800,1,49,0
2025-12-26,URUN_002,Bez Çanta,150,350,3,57,0
2025-12-26,URUN_003,Beyaz Tişört,200,450,8,82,0
2025-12-27,URUN_001,Deri Ceket,1000,1800,2,47,0
2025-12-27,URUN_002,Bez Çanta,150,350,10,47,0
2025-12-27,URUN_003,Beyaz Tişört,200,450,18,64,0
2025-12-28,URUN_001,Deri Ceket,1000,1800,4,43,0
2025-12-28,URUN_002,Bez Çanta,150,350,12,35,0
2025-12-28,URUN_003,Beyaz Tişört,200,450,12,52,0
2025-12-29,URUN_001,Deri Ceket,1000,1800,0,43,0
2025-12-29,URUN_002,Bez Çanta,150,350,5,30,0
2025-12-29,URUN_003,Beyaz Tişört,200,450,6,46,0
2025-12-30,URUN_001,Deri Ceket,1000,1800,2,41,0
2025-12-30,URUN_002,Bez Çanta,150,350,5,25,0
2025-12-30,URUN_003,Beyaz Tişört,200,450,9,37,0
2025-12-31,URUN_001,Deri Ceket,1000,1800,2,39,0
2025-12-31,URUN_002,Bez Çanta,150,350,5,20,0
2025-12-31,URUN_003,Beyaz Tişört,200,450,11,26,0
2026-01-01,URUN_001,Deri Ceket,1000,1800,2,37,0
2026-01-01,URUN_002,Bez Çanta,150,350,8,12,0
2026-01-01,URUN_003,Beyaz Tişört,200,450,8,18,0
2026-01-02,URUN_001,Deri Ceket,1000,1800,1,36,0
2026-01-02,URUN_002,Bez Çanta,150,350,6,106,1
2026-01-02,URUN_003,Beyaz Tişört,200,450,11,107,1
2026-01-03,URUN_001,Deri Ceket,1000,1800,3,33,0
2026-01-03,URUN_002,Bez Çanta,150,350,12,94,0
2026-01-03,URUN_003,Beyaz Tişört,200,450,19,88,0
2026-01-04,URUN_001,Deri Ceket,1000,1800,4,29,0
2026-01-04,URUN_002,Bez Çanta,150,350,8,86,0
2026-01-04,URUN_003,Beyaz Tişört,200,450,12,76,0
2026-01-05,URUN_001,Deri Ceket,1000,1800,1,28,0
2026-01-05,URUN_002,Bez Çanta,150,350,6,80,0
2026-01-05,URUN_003,Beyaz Tişört,200,450,8,68,0
2026-01-06,URUN_001,Deri Ceket,1000,1800,2,26,0
2026-01-06,URUN_002,Bez Çanta,150,350,5,75,0
2026-01-06,URUN_003,Beyaz Tişört,200,450,8,60,0
2026-01-07,URUN_001,Deri Ceket,1000,1800,2,24,0
2026-01-07,URUN_002,Bez Çanta,150,350,7,68,0
2026-01-07,URUN_003,Beyaz Tişört,200,450,5,55,0
2026-01-08,URUN_001,Deri Ceket,1000,1800,0,24,0
2026-01-08,URUN_002,Bez Çanta,150,350,6,62,0
2026-01-08,URUN_003,Beyaz Tişört,200,450,11,44,0
2026-01-09,URUN_001,Deri Ceket,1000,1800,1,23,0
2026-01-09,URUN_002,Bez Çanta,150,350,4,58,0
2026-01-09,URUN_003,Beyaz Tişört,200,450,8,36,0
2026-01-10,URUN_001,Deri Ceket,1000,1800,3,20,0
2026-01-10,URUN_002,Bez Çanta,150,350,12,46,0
2026-01-10,URUN_003,Beyaz Tişört,200,450,14,22,0
2026-01-11,URUN_001,Deri Ceket,1000,1800,2,18,0
2026-01-11,URUN_002,Bez Çanta,150,350,11,35,0
2026-01-11,URUN_003,Beyaz Tişört,200,450,13,109,1
2026-01-12,URUN_001,Deri Ceket,1000,1800,1,17,0
2026-01-12,URUN_002,Bez Çanta,150,350,4,31,0
2026-01-12,URUN_003,Beyaz Tişört,200,450,6,103,0
2026-01-13,URUN_001,Deri Ceket,1000,1800,2,15,0
2026-01-13,URUN_002,Bez Çanta,150,350,6,25,0
2026-01-13,URUN_003,Beyaz Tişört,200,450,8,95,0
2026-01-14,URUN_001,Deri Ceket,1000,1800,1,14,0
2026-01-14,URUN_002,Bez Çanta,150,350,5,20,0
2026-01-14,URUN_003,Beyaz Tişört,200,450,6,89,0
2026-01-15,URUN_001,Deri Ceket,1000,1800,1,13,0
2026-01-15,URUN_002,Bez Çanta,150,350,5,15,0
2026-01-15,URUN_003,Beyaz Tişört,200,450,11,78,0
2026-01-16,URUN_001,Deri Ceket,1000,1800,0,13,0
2026-01-16,URUN_002,Bez Çanta,150,350,8,107,1
2026-01-16,URUN_003,Beyaz Tişört,200,450,9,69,0
2026-01-17,URUN_001,Deri Ceket,1000,1800,5,108,1
2026-01-17,URUN_002,Bez Çanta,150,350,11,96,0
2026-01-17,URUN_003,Beyaz Tişört,200,450,16,53,0
2026-01-18,URUN_001,Deri Ceket,1000,1800,5,103,0
2026-01-18,URUN_002,Bez Çanta,150,350,10,86,0
2026-01-18,URUN_003,Beyaz Tişört,200,450,16,37,0
2026-01-19,URUN_001,Deri Ceket,1000,1800,2,101,0
2026-01-19,URUN_002,Bez Çanta,150,350,4,82,0
2026-01-19,URUN_003,Beyaz Tişört,200,450,7,30,0
2026-01-20,URUN_001,Deri Ceket,1000,1800,0,101,0
2026-01-20,URUN_002,Bez Çanta,150,350,6,76,0
2026-01-20,URUN_003,Beyaz Tişört,200,450,10,20,0
2026-01-21,URUN_001,Deri Ceket,1000,1800,1,100,0
2026-01-21,URUN_002,Bez Çanta,150,350,4,72,0
2026-01-21,URUN_003,Beyaz Tişört,200,450,6,14,0
2026-01-22,URUN_001,Deri Ceket,1000,1800,2,98,0
2026-01-22,URUN_002,Bez Çanta,150,350,5,67,0
2026-01-22,URUN_003,Beyaz Tişört,200,450,9,105,1
2026-01-23,URUN_001,Deri Ceket,1000,1800,1,97,0
2026-01-23,URUN_002,Bez Çanta,150,350,4,63,0
2026-01-23,URUN_003,Beyaz Tişört,200,450,11,94,0
2026-01-24,URUN_001,Deri Ceket,1000,1800,5,92,0
2026-01-24,URUN_002,Bez Çanta,150,350,14,49,0
2026-01-24,URUN_003,Beyaz Tişört,200,450,12,82,0
2026-01-25,URUN_001,Deri Ceket,1000,1800,4,88,0
2026-01-25,URUN_002,Bez Çanta,150,350,12,37,0
2026-01-25,URUN_003,Beyaz Tişört,200,450,19,63,0
2026-01-26,URUN_001,Deri Ceket,1000,1800,2,86,0
2026-01-26,URUN_002,Bez Çanta,150,350,5,32,0
2026-01-26,URUN_003,Beyaz Tişört,200,450,8,55,0
2026-01-27,URUN_001,Deri Ceket,1000,1800,2,84,0
2026-01-27,URUN_002,Bez Çanta,150,350,4,28,0
2026-01-27,URUN_003,Beyaz Tişört,200,450,12,43,0
2026-01-28,URUN_001,Deri Ceket,1000,1800,2,82,0
2026-01-28,URUN_002,Bez Çanta,150,350,8,20,0
2026-01-28,URUN_003,Beyaz Tişört,200,450,7,36,0
2026-01-29,URUN_001,Deri Ceket,1000,1800,1,81,0
2026-01-29,URUN_002,Bez Çanta,150,350,7,13,0
2026-01-29,URUN_003,Beyaz Tişört,200,450,12,24,0
2026-01-30,URUN_001,Deri Ceket,1000,1800,2,79,0
2026-01-30,URUN_002,Bez Çanta,150,350,8,105,1
2026-01-30,URUN_003,Beyaz Tişört,200,450,9,15,0
2026-01-31,URUN_001,Deri Ceket,1000,1800,4,75,0
2026-01-31,URUN_002,Bez Çanta,150,350,10,95,0
2026-01-31,URUN_003,Beyaz Tişört,200,450,13,102,1
2026-02-01,URUN_001,Deri Ceket,1000,1800,2,73,0
2026-02-01,URUN_002,Bez Çanta,150,350,10,85,0
2026-02-01,URUN_003,Beyaz Tişört,200,450,16,86,0
2026-02-02,URUN_001,Deri Ceket,1000,1800,1,72,0
2026-02-02,URUN_002,Bez Çanta,150,350,7,78,0
2026-02-02,URUN_003,Beyaz Tişört,200,450,6,80,0
2026-02-03,URUN_001,Deri Ceket,1000,1800,1,71,0
2026-02-03,URUN_002,Bez Çanta,150,350,7,71,0
2026-02-03,URUN_003,Beyaz Tişört,200,450,11,69,0
2026-02-04,URUN_001,Deri Ceket,1000,1800,1,70,0
2026-02-04,URUN_002,Bez Çanta,150,350,4,67,0
2026-02-04,URUN_003,Beyaz Tişört,200,450,7,62,0
2026-02-05,URUN_001,Deri Ceket,1000,1800,1,69,0
2026-02-05,URUN_002,Bez Çanta,150,350,5,62,0
2026-02-05,URUN_003,Beyaz Tişört,200,450,6,56,0
2026-02-06,URUN_001,Deri Ceket,1000,1800,2,67,0
2026-02-06,URUN_002,Bez Çanta,150,350,3,59,0
2026-02-06,URUN_003,Beyaz Tişört,200,450,11,45,0
2026-02-07,URUN_001,Deri Ceket,1000,1800,2,65,0
2026-02-07,URUN_002,Bez Çanta,150,350,13,46,0
2026-02-07,URUN_003,Beyaz Tişört,200,450,13,32,0
2026-02-08,URUN_001,Deri Ceket,1000,1800,4,61,0
2026-02-08,URUN_002,Bez Çanta,150,350,14,32,0
2026-02-08,URUN_003,Beyaz Tişört,200,450,12,20,0
2026-02-09,URUN_001,Deri Ceket,1000,1800,1,60,0
2026-02-09,URUN_002,Bez Çanta,150,350,8,24,0
2026-02-09,URUN_003,Beyaz Tişört,200,450,12,108,1
2026-02-10,URUN_001,Deri Ceket,1000,1800,2,58,0
2026-02-10,URUN_002,Bez Çanta,150,350,3,21,0
2026-02-10,URUN_003,Beyaz Tişört,200,450,12,96,0
2026-02-11,URUN_001,Deri Ceket,1000,1800,0,58,0
2026-02-11,URUN_002,Bez Çanta,150,350,7,14,0
2026-02-11,URUN_003,Beyaz Tişört,200,450,12,84,0
2026-02-12,URUN_001,Deri Ceket,1000,1800,1,57,0
2026-02-12,URUN_002,Bez Çanta,150,350,8,106,1
2026-02-12,URUN_003,Beyaz Tişört,200,450,9,75,0
2026-02-13,URUN_001,Deri Ceket,1000,1800,1,56,0
2026-02-13,URUN_002,Bez Çanta,150,350,5,101,0
2026-02-13,URUN_003,Beyaz Tişört,200,450,7,68,0
2026-02-14,URUN_001,Deri Ceket,1000,1800,4,52,0
2026-02-14,URUN_002,Bez Çanta,150,350,8,93,0
2026-02-14,URUN_003,Beyaz Tişört,200,450,19,49,0
2026-02-15,URUN_001,Deri Ceket,1000,1800,2,50,0
2026-02-15,URUN_002,Bez Çanta,150,350,10,83,0
2026-02-15,URUN_003,Beyaz Tişört,200,450,12,37,0
2026-02-16,URUN_001,Deri Ceket,1000,1800,0,50,0
2026-02-16,URUN_002,Bez Çanta,150,350,4,79,0
2026-02-16,URUN_003,Beyaz Tişört,200,450,5,32,0
2026-02-17,URUN_001,Deri Ceket,1000,1800,2,48,0
2026-02-17,URUN_002,Bez Çanta,150,350,8,71,0
2026-02-17,URUN_003,Beyaz Tişört,200,450,6,26,0
2026-02-18,URUN_001,Deri Ceket,1000,1800,0,48,0
2026-02-18,URUN_002,Bez Çanta,150,350,3,68,0
2026-02-18,URUN_003,Beyaz Tişört,200,450,5,21,0
2026-02-19,URUN_001,Deri Ceket,1000,1800,0,48,0
2026-02-19,URUN_002,Bez Çanta,150,350,3,65,0
2026-02-19,URUN_003,Beyaz Tişört,200,450,9,12,0
2026-02-20,URUN_001,Deri Ceket,1000,1800,0,48,0
2026-02-20,URUN_002,Bez Çanta,150,350,6,59,0
2026-02-20,URUN_003,Beyaz Tişört,200,450,11,101,1
2026-02-21,URUN_001,Deri Ceket,1000,1800,5,43,0
2026-02-21,URUN_002,Bez Çanta,150,350,14,45,0
2026-02-21,URUN_003,Beyaz Tişört,200,450,12,89,0
2026-02-22,URUN_001,Deri Ceket,1000,1800,3,40,0
2026-02-22,URUN_002,Bez Çanta,150,350,11,34,0
2026-02-22,URUN_003,Beyaz Tişört,200,450,12,77,0
2026-02-23,URUN_001,Deri Ceket,1000,1800,2,38,0
2026-02-23,URUN_002,Bez Çanta,150,350,5,29,0
2026-02-23,URUN_003,Beyaz Tişört,200,450,6,71,0
2026-02-24,URUN_001,Deri Ceket,1000,1800,2,36,0
2026-02-24,URUN_002,Bez Çanta,150,350,6,23,0
2026-02-24,URUN_003,Beyaz Tişört,200,450,11,60,0
2026-02-25,URUN_001,Deri Ceket,1000,1800,2,34,0
2026-02-25,URUN_002,Bez Çanta,150,350,4,19,0
2026-02-25,URUN_003,Beyaz Tişört,200,450,7,53,0
2026-02-26,URUN_001,Deri Ceket,1000,1800,2,32,0
2026-02-26,URUN_002,Bez Çanta,150,350,7,12,0
2026-02-26,URUN_003,Beyaz Tişört,200,450,11,42,0
2026-02-27,URUN_001,Deri Ceket,1000,1800,1,31,0
2026-02-27,URUN_002,Bez Çanta,150,350,5,107,1
2026-02-27,URUN_003,Beyaz Tişört,200,450,6,36,0
2026-02-28,URUN_001,Deri Ceket,1000,1800,2,29,0
2026-02-28,URUN_002,Bez Çanta,150,350,13,94,0
2026-02-28,URUN_003,Beyaz Tişört,200,450,12,24,0
2026-03-01,URUN_001,Deri Ceket,1000,1800,5,24,0
2026-03-01,URUN_002,Bez Çanta,150,350,14,80,0
2026-03-01,URUN_003,Beyaz Tişört,200,450,16,108,1
2026-03-02,URUN_001,Deri Ceket,1000,1800,2,22,0
2026-03-02,URUN_002,Bez Çanta,150,350,6,74,0
2026-03-02,URUN_003,Beyaz Tişört,200,450,11,97,0
2026-03-03,URUN_001,Deri Ceket,1000,1800,2,20,0
2026-03-03,URUN_002,Bez Çanta,150,350,5,69,0
2026-03-03,URUN_003,Beyaz Tişört,200,450,9,88,0
2026-03-04,URUN_001,Deri Ceket,1000,1800,0,20,0
2026-03-04,URUN_002,Bez Çanta,150,350,6,63,0
2026-03-04,URUN_003,Beyaz Tişört,200,450,5,83,0
2026-03-05,URUN_001,Deri Ceket,1000,1800,2,18,0
2026-03-05,URUN_002,Bez Çanta,150,350,8,55,0
2026-03-05,URUN_003,Beyaz Tişört,200,450,5,78,0
2026-03-06,URUN_001,Deri Ceket,1000,1800,0,18,0
2026-03-06,URUN_002,Bez Çanta,150,350,6,49,0
2026-03-06,URUN_003,Beyaz Tişört,200,450,6,72,0
2026-03-07,URUN_001,Deri Ceket,1000,1800,2,16,0
2026-03-07,URUN_002,Bez Çanta,150,350,11,38,0
2026-03-07,URUN_003,Beyaz Tişört,200,450,16,56,0
2026-03-08,URUN_001,Deri Ceket,1000,1800,3,13,0
2026-03-08,URUN_002,Bez Çanta,150,350,9,29,0
2026-03-08,URUN_003,Beyaz Tişört,200,450,13,43,0
2026-03-09,URUN_001,Deri Ceket,1000,1800,2,11,0
2026-03-09,URUN_002,Bez Çanta,150,350,8,21,0
2026-03-09,URUN_003,Beyaz Tişört,200,450,8,35,0
2026-03-10,URUN_001,Deri Ceket,1000,1800,0,11,0
2026-03-10,URUN_002,Bez Çanta,150,350,4,17,0
2026-03-10,URUN_003,Beyaz Tişört,200,450,9,26,0
2026-03-11,URUN_001,Deri Ceket,1000,1800,1,110,1
2026-03-11,URUN_002,Bez Çanta,150,350,6,11,0
2026-03-11,URUN_003,Beyaz Tişört,200,450,12,14,0
2026-03-12,URUN_001,Deri Ceket,1000,1800,1,109,0
2026-03-12,URUN_002,Bez Çanta,150,350,6,105,1
2026-03-12,URUN_003,Beyaz Tişört,200,450,10,104,1
2026-03-13,URUN_001,Deri Ceket,1000,1800,2,107,0
2026-03-13,URUN_002,Bez Çanta,150,350,6,99,0
2026-03-13,URUN_003,Beyaz Tişört,200,450,9,95,0
2026-03-14,URUN_001,Deri Ceket,1000,1800,5,102,0
2026-03-14,URUN_002,Bez Çanta,150,350,12,87,0
2026-03-14,URUN_003,Beyaz Tişört,200,450,18,77,0
2026-03-15,URUN_001,Deri Ceket,1000,1800,5,97,0
2026-03-15,URUN_002,Bez Çanta,150,350,8,79,0
2026-03-15,URUN_003,Beyaz Tişört,200,450,17,60,0
2026-03-16,URUN_001,Deri Ceket,1000,1800,2,95,0
2026-03-16,URUN_002,Bez Çanta,150,350,8,71,0
2026-03-16,URUN_003,Beyaz Tişört,200,450,11,49,0
2026-03-17,URUN_001,Deri Ceket,1000,1800,2,93,0
2026-03-17,URUN_002,Bez Çanta,150,350,5,66,0
2026-03-17,URUN_003,Beyaz Tişört,200,450,5,44,0
2026-03-18,URUN_001,Deri Ceket,1000,1800,1,92,0
2026-03-18,URUN_002,Bez Çanta,150,350,8,58,0
2026-03-18,URUN_003,Beyaz Tişört,200,450,7,37,0
2026-03-19,URUN_001,Deri Ceket,1000,1800,1,91,0
2026-03-19,URUN_002,Bez Çanta,150,350,3,55,0
2026-03-19,URUN_003,Beyaz Tişört,200,450,12,25,0
2026-03-20,URUN_001,Deri Ceket,1000,1800,0,91,0
2026-03-20,URUN_002,Bez Çanta,150,350,8,47,0
2026-03-20,URUN_003,Beyaz Tişört,200,450,7,18,0
2026-03-21,URUN_001,Deri Ceket,1000,1800,2,89,0
2026-03-21,URUN_002,Bez Çanta,150,350,13,34,0
2026-03-21,URUN_003,Beyaz Tişört,200,450,16,102,1
2026-03-22,URUN_001,Deri Ceket,1000,1800,2,87,0
2026-03-22,URUN_002,Bez Çanta,150,350,10,24,0
2026-03-22,URUN_003,Beyaz Tişört,200,450,14,88,0
2026-03-23,URUN_001,Deri Ceket,1000,1800,1,86,0
2026-03-23,URUN_002,Bez Çanta,150,350,6,18,0
2026-03-23,URUN_003,Beyaz Tişört,200,450,8,80,0
2026-03-24,URUN_001,Deri Ceket,1000,1800,1,85,0
2026-03-24,URUN_002,Bez Çanta,150,350,4,14,0
2026-03-24,URUN_003,Beyaz Tişört,200,450,11,69,0
2026-03-25,URUN_001,Deri Ceket,1000,1800,2,83,0
2026-03-25,URUN_002,Bez Çanta,150,350,6,108,1
2026-03-25,URUN_003,Beyaz Tişört,200,450,6,63,0
2026-03-26,URUN_001,Deri Ceket,1000,1800,2,81,0
2026-03-26,URUN_002,Bez Çanta,150,350,4,104,0
2026-03-26,URUN_003,Beyaz Tişört,200,450,7,56,0
2026-03-27,URUN_001,Deri Ceket,1000,1800,2,79,0
2026-03-27,URUN_002,Bez Çanta,150,350,8,96,0
2026-03-27,URUN_003,Beyaz Tişört,200,450,6,50,0
2026-03-28,URUN_001,Deri Ceket,1000,1800,4,75,0
2026-03-28,URUN_002,Bez Çanta,150,350,10,86,0
2026-03-28,URUN_003,Beyaz Tişört,200,450,20,30,0
2026-03-29,URUN_001,Deri Ceket,1000,1800,2,73,0
2026-03-29,URUN_002,Bez Çanta,150,350,11,75,0
2026-03-29,URUN_003,Beyaz Tişört,200,450,20,110,1
2026-03-30,URUN_001,Deri Ceket,1000,1800,1,72,0
2026-03-30,URUN_002,Bez Çanta,150,350,5,70,0
2026-03-30,URUN_003,Beyaz Tişört,200,450,10,100,0
2026-03-31,URUN_001,Deri Ceket,1000,1800,0,72,0
2026-03-31,URUN_002,Bez Çanta,150,350,7,63,0
2026-03-31,URUN_003,Beyaz Tişört,200,450,9,91,0
2026-04-01,URUN_001,Deri Ceket,1000,1800,1,71,0
2026-04-01,URUN_002,Bez Çanta,150,350,4,59,0
2026-04-01,URUN_003,Beyaz Tişört,200,450,5,86,0
2026-04-02,URUN_001,Deri Ceket,1000,1800,2,69,0
2026-04-02,URUN_002,Bez Çanta,150,350,7,52,0
2026-04-02,URUN_003,Beyaz Tişört,200,450,10,76,0
2026-04-03,URUN_001,Deri Ceket,1000,1800,0,69,0
2026-04-03,URUN_002,Bez Çanta,150,350,5,47,0
2026-04-03,URUN_003,Beyaz Tişört,200,450,12,64,0
2026-04-04,URUN_001,Deri Ceket,1000,1800,2,67,0
2026-04-04,URUN_002,Bez Çanta,150,350,12,35,0
2026-04-04,URUN_003,Beyaz Tişört,200,450,21,43,0
2026-04-05,URUN_001,Deri Ceket,1000,1800,3,64,0
2026-04-05,URUN_002,Bez Çanta,150,350,13,22,0
2026-04-05,URUN_003,Beyaz Tişört,200,450,12,31,0
2026-04-06,URUN_001,Deri Ceket,1000,1800,2,62,0
2026-04-06,URUN_002,Bez Çanta,150,350,6,16,0
2026-04-06,URUN_003,Beyaz Tişört,200,450,11,20,0
2026-04-07,URUN_001,Deri Ceket,1000,1800,0,62,0
2026-04-07,URUN_002,Bez Çanta,150,350,6,110,1
2026-04-07,URUN_003,Beyaz Tişört,200,450,7,13,0
2026-04-08,URUN_001,Deri Ceket,1000,1800,2,60,0
2026-04-08,URUN_002,Bez Çanta,150,350,3,107,0
2026-04-08,URUN_003,Beyaz Tişört,200,450,9,104,1
2026-04-09,URUN_001,Deri Ceket,1000,1800,0,60,0
2026-04-09,URUN_002,Bez Çanta,150,350,4,103,0
2026-04-09,URUN_003,Beyaz Tişört,200,450,9,95,0
2026-04-10,URUN_001,Deri Ceket,1000,1800,2,58,0
2026-04-10,URUN_002,Bez Çanta,150,350,3,100,0
2026-04-10,URUN_003,Beyaz Tişört,200,450,12,83,0
2026-04-11,URUN_001,Deri Ceket,1000,1800,3,55,0
2026-04-11,URUN_002,Bez Çanta,150,350,13,87,0
2026-04-11,URUN_003,Beyaz Tişört,200,450,16,67,0
2026-04-12,URUN_001,Deri Ceket,1000,1800,4,51,0
2026-04-12,URUN_002,Bez Çanta,150,350,13,74,0
2026-04-12,URUN_003,Beyaz Tişört,200,450,17,50,0
2026-04-13,URUN_001,Deri Ceket,1000,1800,2,49,0
2026-04-13,URUN_002,Bez Çanta,150,350,4,70,0
2026-04-13,URUN_003,Beyaz Tişört,200,450,10,40,0
2026-04-14,URUN_001,Deri Ceket,1000,1800,1,48,0
2026-04-14,URUN_002,Bez Çanta,150,350,8,62,0
2026-04-14,URUN_003,Beyaz Tişört,200,450,6,34,0
2026-04-15,URUN_001,Deri Ceket,1000,1800,1,47,0
2026-04-15,URUN_002,Bez Çanta,150,350,3,59,0
2026-04-15,URUN_003,Beyaz Tişört,200,450,11,23,0
2026-04-16,URUN_001,Deri Ceket,1000,1800,0,47,0
2026-04-16,URUN_002,Bez Çanta,150,350,3,56,0
2026-04-16,URUN_003,Beyaz Tişört,200,450,6,17,0
2026-04-17,URUN_001,Deri Ceket,1000,1800,0,47,0
2026-04-17,URUN_002,Bez Çanta,150,350,5,51,0
2026-04-17,URUN_003,Beyaz Tişört,200,450,6,11,0
2026-04-18,URUN_001,Deri Ceket,1000,1800,4,43,0
2026-04-18,URUN_002,Bez Çanta,150,350,14,37,0
2026-04-18,URUN_003,Beyaz Tişört,200,450,11,100,1
2026-04-19,URUN_001,Deri Ceket,1000,1800,4,39,0
2026-04-19,URUN_002,Bez Çanta,150,350,10,27,0
2026-04-19,URUN_003,Beyaz Tişört,200,450,18,82,0
2026-04-20,URUN_001,Deri Ceket,1000,1800,2,37,0
2026-04-20,URUN_002,Bez Çanta,150,350,6,21,0
2026-04-20,URUN_003,Beyaz Tişört,200,450,10,72,0
2026-04-21,URUN_001,Deri Ceket,1000,1800,1,36,0
2026-04-21,URUN_002,Bez Çanta,150,350,4,17,0
2026-04-21,URUN_003,Beyaz Tişört,200,450,9,63,0
2026-04-22,URUN_001,Deri Ceket,1000,1800,0,36,0
2026-04-22,URUN_002,Bez Çanta,150,350,6,11,0
2026-04-22,URUN_003,Beyaz Tişört,200,450,12,51,0
2026-04-23,URUN_001,Deri Ceket,1000,1800,0,36,0
2026-04-23,URUN_002,Bez Çanta,150,350,6,105,1
2026-04-23,URUN_003,Beyaz Tişört,200,450,6,45,0
2026-04-24,URUN_001,Deri Ceket,1000,1800,1,35,0
2026-04-24,URUN_002,Bez Çanta,150,350,5,100,0
2026-04-24,URUN_003,Beyaz Tişört,200,450,12,33,0
2026-04-25,URUN_001,Deri Ceket,1000,1800,2,33,0
2026-04-25,URUN_002,Bez Çanta,150,350,12,88,0
2026-04-25,URUN_003,Beyaz Tişört,200,450,21,12,0
2026-04-26,URUN_001,Deri Ceket,1000,1800,4,29,0
2026-04-26,URUN_002,Bez Çanta,150,350,8,80,0
2026-04-26,URUN_003,Beyaz Tişört,200,450,12,100,1
2026-04-27,URUN_001,Deri Ceket,1000,1800,1,28,0
2026-04-27,URUN_002,Bez Çanta,150,350,6,74,0
2026-04-27,URUN_003,Beyaz Tişört,200,450,6,94,0
2026-04-28,URUN_001,Deri Ceket,1000,1800,2,26,0
2026-04-28,URUN_002,Bez Çanta,150,350,5,69,0
2026-04-28,URUN_003,Beyaz Tişört,200,450,12,82,0
2026-04-29,URUN_001,Deri Ceket,1000,1800,1,25,0
2026-04-29,URUN_002,Bez Çanta,150,350,7,62,0
2026-04-29,URUN_003,Beyaz Tişört,200,450,5,77,0
2026-04-30,URUN_001,Deri Ceket,1000,1800,2,23,0
2026-04-30,URUN_002,Bez Çanta,150,350,3,59,0
2026-04-30,URUN_003,Beyaz Tişört,200,450,8,69,0
2026-05-01,URUN_001,Deri Ceket,1000,1800,2,21,0
2026-05-01,URUN_002,Bez Çanta,150,350,7,52,0
2026-05-01,URUN_003,Beyaz Tişört,200,450,11,58,0
2026-05-02,URUN_001,Deri Ceket,1000,1800,4,17,0
2026-05-02,URUN_002,Bez Çanta,150,350,8,44,0
2026-05-02,URUN_003,Beyaz Tişört,200,450,16,42,0
2026-05-03,URUN_001,Deri Ceket,1000,1800,2,15,0
2026-05-03,URUN_002,Bez Çanta,150,350,10,34,0
2026-05-03,URUN_003,Beyaz Tişört,200,450,12,30,0
2026-05-04,URUN_001,Deri Ceket,1000,1800,0,15,0
2026-05-04,URUN_002,Bez Çanta,150,350,4,30,0
2026-05-04,URUN_003,Beyaz Tişört,200,450,6,24,0
2026-05-05,URUN_001,Deri Ceket,1000,1800,0,15,0
2026-05-05,URUN_002,Bez Çanta,150,350,8,22,0
2026-05-05,URUN_003,Beyaz Tişört,200,450,9,15,0
2026-05-06,URUN_001,Deri Ceket,1000,1800,0,15,0
2026-05-06,URUN_002,Bez Çanta,150,350,5,17,0
2026-05-06,URUN_003,Beyaz Tişört,200,450,5,110,1
2026-05-07,URUN_001,Deri Ceket,1000,1800,1,14,0
2026-05-07,URUN_002,Bez Çanta,150,350,4,13,0
2026-05-07,URUN_003,Beyaz Tişört,200,450,7,103,0
2026-05-08,URUN_001,Deri Ceket,1000,1800,2,12,0
2026-05-08,URUN_002,Bez Çanta,150,350,4,109,1
2026-05-08,URUN_003,Beyaz Tişört,200,450,8,95,0
2026-05-09,URUN_001,Deri Ceket,1000,1800,5,107,1
2026-05-09,URUN_002,Bez Çanta,150,350,12,97,0
2026-05-09,URUN_003,Beyaz Tişört,200,450,15,80,0
2026-05-10,URUN_001,Deri Ceket,1000,1800,4,103,0
2026-05-10,URUN_002,Bez Çanta,150,350,8,89,0
2026-05-10,URUN_003,Beyaz Tişört,200,450,15,65,0
2026-05-11,URUN_001,Deri Ceket,1000,1800,0,103,0
2026-05-11,URUN_002,Bez Çanta,150,350,3,86,0
2026-05-11,URUN_003,Beyaz Tişört,200,450,5,60,0
2026-05-12,URUN_001,Deri Ceket,1000,1800,2,101,0
2026-05-12,URUN_002,Bez Çanta,150,350,4,82,0
2026-05-12,URUN_003,Beyaz Tişört,200,450,11,49,0
2026-05-13,URUN_001,Deri Ceket,1000,1800,0,101,0
2026-05-13,URUN_002,Bez Çanta,150,350,4,78,0
2026-05-13,URUN_003,Beyaz Tişört,200,450,7,42,0
2026-05-14,URUN_001,Deri Ceket,1000,1800,1,100,0
2026-05-14,URUN_002,Bez Çanta,150,350,8,70,0
2026-05-14,URUN_003,Beyaz Tişört,200,450,8,34,0
2026-05-15,URUN_001,Deri Ceket,1000,1800,1,99,0
2026-05-15,URUN_002,Bez Çanta,150,350,6,64,0
2026-05-15,URUN_003,Beyaz Tişört,200,450,7,27,0
2026-05-16,URUN_001,Deri Ceket,1000,1800,2,97,0
2026-05-16,URUN_002,Bez Çanta,150,350,8,56,0
2026-05-16,URUN_003,Beyaz Tişört,200,450,17,110,1
2026-05-17,URUN_001,Deri Ceket,1000,1800,2,95,0
2026-05-17,URUN_002,Bez Çanta,150,350,12,44,0
2026-05-17,URUN_003,Beyaz Tişört,200,450,13,97,0
2026-05-18,URUN_001,Deri Ceket,1000,1800,2,93,0
2026-05-18,URUN_002,Bez Çanta,150,350,5,39,0
2026-05-18,URUN_003,Beyaz Tişört,200,450,11,86,0
2026-05-19,URUN_001,Deri Ceket,1000,1800,1,92,0
2026-05-19,URUN_002,Bez Çanta,150,350,6,33,0
2026-05-19,URUN_003,Beyaz Tişört,200,450,6,80,0
2026-05-20,URUN_001,Deri Ceket,1000,1800,2,90,0
2026-05-20,URUN_002,Bez Çanta,150,350,3,30,0
2026-05-20,URUN_003,Beyaz Tişört,200,450,7,73,0
2026-05-21,URUN_001,Deri Ceket,1000,1800,2,88,0
2026-05-21,URUN_002,Bez Çanta,150,350,7,23,0
2026-05-21,URUN_003,Beyaz Tişört,200,450,7,66,0
2026-05-22,URUN_001,Deri Ceket,1000,1800,0,88,0
2026-05-22,URUN_002,Bez Çanta,150,350,3,20,0
2026-05-22,URUN_003,Beyaz Tişört,200,450,11,55,0
2026-05-23,URUN_001,Deri Ceket,1000,1800,4,84,0
2026-05-23,URUN_002,Bez Çanta,150,350,9,11,0
2026-05-23,URUN_003,Beyaz Tişört,200,450,12,43,0
2026-05-24,URUN_001,Deri Ceket,1000,1800,2,82,0
2026-05-24,URUN_002,Bez Çanta,150,350,10,101,1
2026-05-24,URUN_003,Beyaz Tişört,200,450,13,30,0
2026-05-25,URUN_001,Deri Ceket,1000,1800,0,82,0
2026-05-25,URUN_002,Bez Çanta,150,350,8,93,0
2026-05-25,URUN_003,Beyaz Tişört,200,450,6,24,0
2026-05-26,URUN_001,Deri Ceket,1000,1800,1,81,0
2026-05-26,URUN_002,Bez Çanta,150,350,6,87,0
2026-05-26,URUN_003,Beyaz Tişört,200,450,12,12,0
2026-05-27,URUN_001,Deri Ceket,1000,1800,1,80,0
2026-05-27,URUN_002,Bez Çanta,150,350,5,82,0
2026-05-27,URUN_003,Beyaz Tişört,200,450,11,101,1
2026-05-28,URUN_001,Deri Ceket,1000,1800,1,79,0
2026-05-28,URUN_002,Bez Çanta,150,350,7,75,0
2026-05-28,URUN_003,Beyaz Tişört,200,450,5,96,0
2026-05-29,URUN_001,Deri Ceket,1000,1800,2,77,0
2026-05-29,URUN_002,Bez Çanta,150,350,8,67,0
2026-05-29,URUN_003,Beyaz Tişört,200,450,12,84,0
2026-05-30,URUN_001,Deri Ceket,1000,1800,4,73,0
2026-05-30,URUN_002,Bez Çanta,150,350,9,58,0
2026-05-30,URUN_003,Beyaz Tişört,200,450,14,70,0
2026-05-31,URUN_001,Deri Ceket,1000,1800,5,68,0
2026-05-31,URUN_002,Bez Çanta,150,350,10,48,0
2026-05-31,URUN_003,Beyaz Tişört,200,450,17,53,0
2026-06-01,URUN_001,Deri Ceket,1000,1800,2,66,0
2026-06-01,URUN_002,Bez Çanta,150,350,5,43,0
2026-06-01,URUN_003,Beyaz Tişört,200,450,8,45,0
2026-06-02,URUN_001,Deri Ceket,1000,1800,1,65,0
2026-06-02,URUN_002,Bez Çanta,150,350,6,37,0
2026-06-02,URUN_003,Beyaz Tişört,200,450,12,33,0
2026-06-03,URUN_001,Deri Ceket,1000,1800,0,65,0
2026-06-03,URUN_002,Bez Çanta,150,350,3,34,0
2026-06-03,URUN_003,Beyaz Tişört,200,450,5,28,0
2026-06-04,URUN_001,Deri Ceket,1000,1800,1,64,0
2026-06-04,URUN_002,Bez Çanta,150,350,8,26,0
2026-06-04,URUN_003,Beyaz Tişört,200,450,5,23,0
2026-06-05,URUN_001,Deri Ceket,1000,1800,2,62,0
2026-06-05,URUN_002,Bez Çanta,150,350,3,23,0
2026-06-05,URUN_003,Beyaz Tişört,200,450,8,15,0
2026-06-06,URUN_001,Deri Ceket,1000,1800,2,60,0
2026-06-06,URUN_002,Bez Çanta,150,350,12,11,0
2026-06-06,URUN_003,Beyaz Tişört,200,450,15,100,1
2026-06-07,URUN_001,Deri Ceket,1000,1800,3,57,0
2026-06-07,URUN_002,Bez Çanta,150,350,8,103,1
2026-06-07,URUN_003,Beyaz Tişört,200,450,15,85,0
2026-06-08,URUN_001,Deri Ceket,1000,1800,1,56,0
2026-06-08,URUN_002,Bez Çanta,150,350,4,99,0
2026-06-08,URUN_003,Beyaz Tişört,200,450,7,78,0
2026-06-09,URUN_001,Deri Ceket,1000,1800,0,56,0
2026-06-09,URUN_002,Bez Çanta,150,350,5,94,0
2026-06-09,URUN_003,Beyaz Tişört,200,450,12,66,0
2026-06-10,URUN_001,Deri Ceket,1000,1800,0,56,0
2026-06-10,URUN_002,Bez Çanta,150,350,6,88,0
2026-06-10,URUN_003,Beyaz Tişört,200,450,6,60,0
2026-06-11,URUN_001,Deri Ceket,1000,1800,1,55,0
2026-06-11,URUN_002,Bez Çanta,150,350,4,84,0
2026-06-11,URUN_003,Beyaz Tişört,200,450,11,49,0
2026-06-12,URUN_001,Deri Ceket,1000,1800,0,55,0
2026-06-12,URUN_002,Bez Çanta,150,350,4,80,0
2026-06-12,URUN_003,Beyaz Tişört,200,450,10,39,0
2026-06-13,URUN_001,Deri Ceket,1000,1800,3,52,0
2026-06-13,URUN_002,Bez Çanta,150,350,14,66,0
2026-06-13,URUN_003,Beyaz Tişört,200,450,19,20,0
2026-06-14,URUN_001,Deri Ceket,1000,1800,2,50,0
2026-06-14,URUN_002,Bez Çanta,150,350,14,52,0
2026-06-14,URUN_003,Beyaz Tişört,200,450,19,101,1
2026-06-15,URUN_001,Deri Ceket,1000,1800,2,48,0
2026-06-15,URUN_002,Bez Çanta,150,350,6,46,0
2026-06-15,URUN_003,Beyaz Tişört,200,450,12,89,0
2026-06-16,URUN_001,Deri Ceket,1000,1800,0,48,0
2026-06-16,URUN_002,Bez Çanta,150,350,5,41,0
2026-06-16,URUN_003,Beyaz Tişört,200,450,9,80,0
2026-06-17,URUN_001,Deri Ceket,1000,1800,1,47,0
2026-06-17,URUN_002,Bez Çanta,150,350,3,38,0
2026-06-17,URUN_003,Beyaz Tişört,200,450,5,75,0
2026-06-18,URUN_001,Deri Ceket,1000,1800,1,46,0
2026-06-18,URUN_002,Bez Çanta,150,350,5,33,0
2026-06-18,URUN_003,Beyaz Tişört,200,450,6,69,0
2026-06-19,URUN_001,Deri Ceket,1000,1800,0,46,0
2026-06-19,URUN_002,Bez Çanta,150,350,4,29,0
2026-06-19,URUN_003,Beyaz Tişört,200,450,9,60,0
2026-06-20,URUN_001,Deri Ceket,1000,1800,3,43,0
2026-06-20,URUN_002,Bez Çanta,150,350,12,17,0
2026-06-20,URUN_003,Beyaz Tişört,200,450,18,42,0
2026-06-21,URUN_001,Deri Ceket,1000,1800,3,40,0
2026-06-21,URUN_002,Bez Çanta,150,350,10,107,1
2026-06-21,URUN_003,Beyaz Tişört,200,450,19,23,0
2026-06-22,URUN_001,Deri Ceket,1000,1800,1,39,0
2026-06-22,URUN_002,Bez Çanta,150,350,5,102,0
2026-06-22,URUN_003,Beyaz Tişört,200,450,7,16,0
2026-06-23,URUN_001,Deri Ceket,1000,1800,0,39,0
2026-06-23,URUN_002,Bez Çanta,150,350,4,98,0
2026-06-23,URUN_003,Beyaz Tişört,200,450,5,11,0
2026-06-24,URUN_001,Deri Ceket,1000,1800,0,39,0
2026-06-24,URUN_002,Bez Çanta,150,350,7,91,0
2026-06-24,URUN_003,Beyaz Tişört,200,450,5,106,1
2026-06-25,URUN_001,Deri Ceket,1000,1800,0,39,0
2026-06-25,URUN_002,Bez Çanta,150,350,7,84,0
2026-06-25,URUN_003,Beyaz Tişört,200,450,6,100,0
2026-06-26,URUN_001,Deri Ceket,1000,1800,2,37,0
2026-06-26,URUN_002,Bez Çanta,150,350,4,80,0
2026-06-26,URUN_003,Beyaz Tişört,200,450,5,95,0
2026-06-27,URUN_001,Deri Ceket,1000,1800,5,32,0
2026-06-27,URUN_002,Bez Çanta,150,350,12,68,0
2026-06-27,URUN_003,Beyaz Tişört,200,450,21,74,0
2026-06-28,URUN_001,Deri Ceket,1000,1800,2,30,0
2026-06-28,URUN_002,Bez Çanta,150,378,8,60,0
2026-06-28,URUN_003,Beyaz Tişört,200,486,17,57,0
